interaction,rmst_diff,bioGRID_shortest_paths,gpt4_summary
LGALS8*SYF2,122.70223746640404,536,"This model's maximum context length is 8192 tokens. However, your messages resulted in 11604 tokens. Please reduce the length of the messages."
CDK2*HES1,109.23851976227822,13,"CDK2 is a serine/threonine-protein kinase involved in cell cycle regulation, while HES1 is a transcriptional repressor of genes that require the transcription factor complex Notch to function. The functional association between these two genes might lie in their roles in cell cycle progression and differentiation regulation, respectively, ultimately impacting cellular growth and development."
HMGN1*PLS1,96.1181274082569,1,"HMGN1 is a protein that binds to the inner side of nucleosomal DNA, modulating chromatin structure and affecting transcription regulation. PLS1 is an actin-bundling protein involved in the maintenance of cochlear hair cell bundles in the inner ear. There are no direct functional associations between these two genes, as they are involved in distinct cellular processes such as chromatin organization and cytoskeletal maintenance."
CASP3*SMAD3,98.23200674158292,21,"CASP3 is a thiol protease that serves as a major effector in the apoptotic process, while SMAD3 is a receptor-regulated SMAD involved in the canonical TGF-beta/Smad signaling pathway. There may be a functional association between these two genes in regulating apoptosis and cellular proliferation, particularly in the context of TGF-beta-mediated growth inhibition and the activation of death receptors."
CETN3*PARP2,114.06394423714326,3,"CETN3 is involved in transcription regulation as a component of the TREX-2 complex, while PARP2 functions as a poly-ADP-ribosyltransferase, playing a crucial role in DNA repair. A potential functional association between these two genes could relate to DNA damage response and repair processes since the TREX-2 complex, in which CETN3 is a component, facilitates transcription-coupled DNA repair, and PARP2 participates in base excision repair."
CDK2*CETN3,96.77861150104955,8,"CDK2, a serine/threonine-protein kinase, plays an essential role in cell cycle regulation and cell division. CETN3 is a component of the TREX-2 complex, involved in regulating mRNA export from the nucleus. Although there is no direct functional association between CDK2 and CETN3, they may be indirectly connected through intermediate proteins such as IKBKG, MYC, ATP5B, and LMNA, based on the BioGRID protein interaction network."
MNAT1*MTX2,94.7092204008365,2,"MNAT1 is involved in stabilizing the cyclin H-CDK7 complex, which plays a crucial role in cell cycle regulation and transcription. MTX2 is involved in protein transport into the mitochondria. There is no direct functional association between these genes, but both have potential roles in maintaining cellular processes and homeostasis."
CDK2*PHKG2,97.0144883512278,14,"CDK2 is a serine/threonine-protein kinase involved in cell cycle regulation, while PHKG2 is the catalytic subunit of phosphorylase b kinase, essential for glycogen degradation. There could be a possible functional association between CDK2 and PHKG2 in coordinating cell cycle progression and energy metabolism. However, the direct link between these two genes remains unclear and needs further investigation."
CDK2*HIST1H2BK,108.18350226061798,15,"CDK2 is a serine/threonine-protein kinase involved in the control of the cell cycle and HIST1H2BK is a histone protein with antibacterial activity that participates in the formation of nucleosomes. Although both proteins play distinct roles in cellular processes, their functional association could potentially be related to chromatin organization or cell cycle regulation. However, direct interactions between CDK2 and HIST1H2BK have not been reported in the provided context."
PARP2*TFDP1,118.03885726056686,5,"PARP2 is involved in DNA damage repair and mediates poly-ADP-ribosylation of target proteins, while TFDP1 functions in stimulating E2F-dependent transcription. A potential functional association between these two genes could be the regulation of cell cycle progression and response to DNA damage. The involvement of both genes in DNA repair suggests that their interaction might contribute to maintaining genomic stability."
PARP2*RFC2,116.1833250394372,22,"PARP2 is a poly-ADP-ribosyltransferase involved in DNA repair and maintaining genome stability. RFC2 is a subunit of the Replication Factor C (RFC) complex, which plays a role in DNA replication and repair. There could be a functional association between PARP2 and RFC2 through their involvement in DNA repair processes and maintaining genomic integrity."
RFC2*RPP38,99.06863374096604,17,"RFC2 and RPP38 are involved in DNA replication and RNA processing, respectively. RFC2 is a subunit of replication factor C, which is involved in the elongation of primed DNA templates, while RPP38 is a component of ribonuclease P, a complex responsible for tRNA processing. Although their primary functions are different, they might have indirect functional associations through the shared BioGRID protein interaction network with proteins like MYC or ESR2, which are transcription factors involved in gene regulation."
GMNN*TFDP1,124.0345339807436,1,"GMNN and TFDP1 are functionally associated as they both play roles in cell cycle regulation. GMNN inhibits DNA replication by preventing the incorporation of MCM complex into the pre-replicative complex (PubMed:15313623, PubMed:15260975). TFDP1, on the other hand, stimulates E2F-dependent transcription and is a component of the E2F:DP transcription factor complex (Q14186). Given their roles in cell cycle progression, their interaction may contribute to the coordination of DNA replication and transcription."
CDK2*PARP2,108.0180295779478,19,"CDK2 is a serine/threonine-protein kinase involved in cell cycle regulation, while PARP2 is a poly-ADP-ribosyltransferase that mediates DNA damage repair. Both genes are functionally associated in the context of DNA repair and cell cycle progression. The interaction network supports the association, as various pathways involve CDK2 and PARP2 interaction through intermediate proteins like XRCC6, FEN1, and BRCA2."
PRKAG2*PRUNE,97.96046954033912,1,"PRKAG2 and PRUNE genes are involved in cell energy regulation and phosphodiesterase activity, respectively. PRKAG2 functions as an AMP/ATP-binding subunit in the AMP-activated protein kinase complex, while PRUNE participates in cell migration and degrades cAMP and cGMP. A possible functional association between the two genes could stem from their interaction with ELAVL1 protein that influences stability and translation of target mRNAs, potentially linking these genes in a common regulatory mechanism."
CDK2*RFC2,95.13737431969844,54,"CDK2 is a serine/threonine-protein kinase involved in cell cycle regulation, while RFC2 is a subunit of the replication factor C complex, which is essential for DNA replication and repair. Although there is no direct functional association between CDK2 and RFC2, they may be involved in related biological processes such as cell cycle progression, DNA replication, and DNA repair. Both proteins are part of pathways that regulate cellular proliferation and genome integrity, making them relevant in the context of cancer biology."
NUP85*RFC2,106.02031324955172,24,"NUP85 is an essential component of the nuclear pore complex, which plays a crucial role in nucleocytoplasmic transport. On the other hand, RFC2 is involved in the elongation of primed DNA templates by DNA polymerase during DNA replication. The functional association between NUP85 and RFC2 could be related to the transport of DNA replication machinery components, such as RFC2, through the nuclear pore complex facilitated by NUP85."
HES1*STMN1,98.818513250284,4,"HES1 is a transcriptional repressor involved in Notch signaling, while STMN1 regulates microtubule dynamics. There could be a functional association between these genes in cell cycle regulation and differentiation processes. The BioGRID protein interaction network suggests potential interaction pathways via FANCC, STAT3, TNIP2, or LMNA proteins, supporting the possibility of their roles in interconnected biological processes."
SLC25A4*SMARCD2,110.62623875069104,9,"SLC25A4 is involved in the import of ADP from the cytoplasm into the mitochondria and the export of ATP from the mitochondria to the cytoplasm, while SMARCD2 plays a role in transcriptional activation and repression by being a component of the chromatin-remodeling complex. Although both genes have different functions, they might be functionally associated as they are involved in cellular energy homeostasis and regulation of gene expression, respectively."
CCNB2*NUP85,101.53384879027946,4,"CCNB2 is essential for the control of the cell cycle at the G2/M (mitosis) transition, while NUP85 is an essential component of the nuclear pore complex, which regulates transport between the nucleus and the cytoplasm. The functional association between CCNB2 and NUP85 could be related to the regulation of cell cycle progression and the nuclear-cytoplasmic transport of essential proteins and molecules during cell division. However, specific interactions between the two genes have not been provided in the given context."
HAT1*SYF2,98.0689591125264,3,"HAT1 and SYF2 are functionally associated through their involvement in protein modification and mRNA splicing. HAT1 is a catalytic subunit of the type B histone acetyltransferase complex, playing a role in the acetylation of histones H4 and H2A (BioGRID protein interaction network) while SYF2 is involved in pre-mRNA splicing as a component of the spliceosome C complex (PubMed 14730015). These molecular processes are crucial for gene regulation and mRNA processing in cells."
CDK2*ST6GALNAC2,117.06289462115376,1,"CDK2 is a serine/threonine-protein kinase involved in cell cycle regulation, while ST6GALNAC2 catalyzes the transfer of N-acetylneuraminyl groups to glycoproteins and glycolipids. A possible functional association between these two genes could be through their interaction with SMAD3, which is involved in signal transduction and transcription regulation. However, direct functional associations between CDK2 and ST6GALNAC2 are unknown and need further investigation."
